Provider,Model,"Input/1k Tokens","Output/1k Tokens","Input Cost","Output Cost","Total Cost"
OpenAI,ada,$0.000400,$0.000400,$0.000040,$0.000040,$0.000080
OpenAI,text-ada-001,$0.000400,$0.000400,$0.000040,$0.000040,$0.000080
OpenAI,babbage,$0.000500,$0.000500,$0.000050,$0.000050,$0.000100
OpenAI,curie,$0.002000,$0.002000,$0.000200,$0.000200,$0.000400
OpenAI,text-curie-001,$0.002000,$0.002000,$0.000200,$0.000200,$0.000400
OpenAI,davinci,$0.020000,$0.020000,$0.002000,$0.002000,$0.004000
OpenAI,text-davinci-001,$0.020000,$0.020000,$0.002000,$0.002000,$0.004000
OpenAI,text-davinci-002,$0.020000,$0.020000,$0.002000,$0.002000,$0.004000
OpenAI,text-davinci-003,$0.020000,$0.020000,$0.002000,$0.002000,$0.004000
OpenAI,gpt-3.5-turbo,$0.001500,$0.002000,$0.000150,$0.000200,$0.000350
OpenAI,gpt-3.5-turbo-0301,$0.001500,$0.002000,$0.000150,$0.000200,$0.000350
OpenAI,gpt-35-turbo,$0.001500,$0.002000,$0.000150,$0.000200,$0.000350
OpenAI,gpt-3.5-turbo-1106,$0.001000,$0.002000,$0.000100,$0.000200,$0.000300
OpenAI,gpt-3.5-turbo-instruct,$0.001500,$0.002000,$0.000150,$0.000200,$0.000350
OpenAI,gpt-3.5-turbo-instruct-0914,$0.001500,$0.002000,$0.000150,$0.000200,$0.000350
OpenAI,gpt-4,$0.030000,$0.060000,$0.003000,$0.006000,$0.009000
OpenAI,gpt-4-0314,$0.030000,$0.060000,$0.003000,$0.006000,$0.009000
OpenAI,gpt-4-0613,$0.030000,$0.060000,$0.003000,$0.006000,$0.009000
OpenAI,gpt-4-32k,$0.060000,$0.120000,$0.006000,$0.012000,$0.018000
OpenAI,gpt-4-32k-0314,$0.060000,$0.120000,$0.006000,$0.012000,$0.018000
OpenAI,gpt-4-32k-0613,$0.060000,$0.120000,$0.006000,$0.012000,$0.018000
OpenAI,gpt-4-0125-preview,$0.010000,$0.030000,$0.001000,$0.003000,$0.004000
OpenAI,gpt-4-1106-preview,$0.010000,$0.030000,$0.001000,$0.003000,$0.004000
OpenAI,gpt-4-1106-vision-preview,$0.010000,$0.030000,$0.001000,$0.003000,$0.004000
OpenAI,gpt-4o,$0.005000,$0.015000,$0.000500,$0.001500,$0.002000
OpenAI,gpt-4o-2024-05-13,$0.005000,$0.015000,$0.000500,$0.001500,$0.002000
OpenAI,gpt-4o-2024-08-06,$0.005000,$0.015000,$0.000500,$0.001500,$0.002000
OpenAI,gpt-4o-mini,$0.000150,$0.000600,$0.000015,$0.000060,$0.000075
OpenAI,gpt-4o-mini-2024-07-18,$0.000150,$0.000600,$0.000015,$0.000060,$0.000075
OpenAI,gpt-3.5-turbo-0613,$0.001500,$0.002000,$0.000150,$0.000200,$0.000350
OpenAI,gpt-35-turbo-16k,$0.003000,$0.004000,$0.000300,$0.000400,$0.000700
OpenAI,gpt-3.5-turbo-16k-0613,$0.003000,$0.004000,$0.000300,$0.000400,$0.000700
OpenAI,gpt-3.5-turbo-0125,$0.000500,$0.001500,$0.000050,$0.000150,$0.000200
OpenAI,gpt-4-turbo,$0.010000,$0.030000,$0.001000,$0.003000,$0.004000
OpenAI,gpt-4-turbo-2024-04-09,$0.010000,$0.030000,$0.001000,$0.003000,$0.004000
OpenAI,gpt-4-turbo-0125-preview,$0.010000,$0.030000,$0.001000,$0.003000,$0.004000
OpenAI,text-embedding-ada-002,$0.000100,$0.000000,$0.000010,$0.000000,$0.000010
OpenAI,text-embedding-ada,$0.000100,$0.000000,$0.000010,$0.000000,$0.000010
OpenAI,text-embedding-ada-002-v2,$0.000100,$0.000000,$0.000010,$0.000000,$0.000010
OpenAI,text-embedding-3-small,$0.000020,$0.000000,$0.000002,$0.000000,$0.000002
OpenAI,text-embedding-3-large,$0.000130,$0.000000,$0.000013,$0.000000,$0.000013
OpenAI,gpt-4-vision-preview,$0.010000,$0.030000,$0.001000,$0.003000,$0.004000
OpenAI,gpt-35-turbo-16k-0613,$0.003000,$0.004000,$0.000300,$0.000400,$0.000700
OpenAI,gpt-4o-2024-08-06,$0.002500,$0.010000,$0.000250,$0.001000,$0.001250
OpenAI,gpt-4o-2024-11-20,$0.002500,$0.010000,$0.000250,$0.001000,$0.001250
OpenAI,o1-preview,$0.015000,$0.060000,$0.001500,$0.006000,$0.007500
OpenAI,o1-preview-2024-09-12,$0.015000,$0.060000,$0.001500,$0.006000,$0.007500
OpenAI,o1-mini,$0.003000,$0.012000,$0.000300,$0.001200,$0.001500
OpenAI,o1-mini-2024-09-12,$0.003000,$0.012000,$0.000300,$0.001200,$0.001500
OpenAI,o1-2024-12-17,$0.015000,$0.060000,$0.001500,$0.006000,$0.007500
OpenAI,o1,$0.015000,$0.060000,$0.001500,$0.006000,$0.007500
OpenAI,o3-mini,$0.001100,$0.004400,$0.000110,$0.000440,$0.000550
OpenAI,o3-mini-2025-01-31,$0.001100,$0.004400,$0.000110,$0.000440,$0.000550
OpenAI,o3-2025-04-16,$0.010000,$0.040000,$0.001000,$0.004000,$0.005000
OpenAI,gpt-4.1,$0.002000,$0.008000,$0.000200,$0.000800,$0.001000
OpenAI,gpt-4.1-2025-04-14,$0.002000,$0.008000,$0.000200,$0.000800,$0.001000
OpenAI,gpt-4.1-mini,$0.000400,$0.001600,$0.000040,$0.000160,$0.000200
OpenAI,gpt-4.1-mini-2025-04-14,$0.000400,$0.001600,$0.000040,$0.000160,$0.000200
OpenAI,gpt-4.1-nano,$0.000100,$0.000400,$0.000010,$0.000040,$0.000050
OpenAI,gpt-4.1-nano-2025-04-14,$0.000100,$0.000400,$0.000010,$0.000040,$0.000050
OpenAI,gpt-4o-realtime,$0.005000,$0.020000,$0.000500,$0.002000,$0.002500
OpenAI,gpt-4o-mini-realtime,$0.000150,$0.000600,$0.000015,$0.000060,$0.000075
OpenAI,o4-mini,$0.001100,$0.004400,$0.000110,$0.000440,$0.000550
OpenAI,o4-mini-2025-04-16,$0.001100,$0.004400,$0.000110,$0.000440,$0.000550
OpenAI,ft:gpt-3.5-turbo-,$0.003000,$0.006000,$0.000300,$0.000600,$0.000900
OpenAI,ft:gpt-4o-mini-2024-07-18:,$0.000300,$0.001200,$0.000030,$0.000120,$0.000150
OpenAI,gpt-4o-mini-2024-07-18.ft-,$0.000300,$0.001200,$0.000030,$0.000120,$0.000150
OpenAI,ft:gpt-4o-2024-08-06:,$0.003750,$0.015000,$0.000375,$0.001500,$0.001875
Anthropic,claude-instant-1,$0.001630,$0.055100,$0.000163,$0.005510,$0.005673
Anthropic,claude-v1,$0.008000,$0.024000,$0.000800,$0.002400,$0.003200
Anthropic,claude-2,$0.008000,$0.024000,$0.000800,$0.002400,$0.003200
Anthropic,claude-instant-1.2,$0.001630,$0.005510,$0.000163,$0.000551,$0.000714
Anthropic,claude-2.0,$0.011020,$0.032680,$0.001102,$0.003268,$0.004370
Anthropic,claude-3-opus-20240229,$0.015000,$0.075000,$0.001500,$0.007500,$0.009000
Anthropic,claude-3-sonnet-20240229,$0.003000,$0.015000,$0.000300,$0.001500,$0.001800
Anthropic,claude-3-5-sonnet-20240620,$0.003000,$0.015000,$0.000300,$0.001500,$0.001800
Anthropic,claude-3-5-sonnet-20241022,$0.003000,$0.015000,$0.000300,$0.001500,$0.001800
Anthropic,claude-3-7-sonnet-20250219,$0.003000,$0.015000,$0.000300,$0.001500,$0.001800
Anthropic,claude-3-haiku-20240307,$0.000250,$0.001250,$0.000025,$0.000125,$0.000150
Anthropic,claude-3-5-haiku-20241022,$0.000800,$0.004000,$0.000080,$0.000400,$0.000480
Azure,gpt-4-turbo-preview,$0.010000,$0.030000,$0.001000,$0.003000,$0.004000
Azure,gpt-45-turbo,$0.010000,$0.030000,$0.001000,$0.003000,$0.004000
Azure,gpt4-turbo-preview,$0.010000,$0.030000,$0.001000,$0.003000,$0.004000
Azure,gpt-4-preview-1106,$0.010000,$0.030000,$0.001000,$0.003000,$0.004000
Azure,gpt-35-turbo-1106,$0.001500,$0.002000,$0.000150,$0.000200,$0.000350
Azure,gpt35,$0.001500,$0.002000,$0.000150,$0.000200,$0.000350
Azure,gpt-35-turbo-0613,$0.001500,$0.002000,$0.000150,$0.000200,$0.000350
Azure,gpt-35-16k,$0.003000,$0.004000,$0.000300,$0.000400,$0.000700
Azure,gpt-4-vision,$0.010000,$0.030000,$0.001000,$0.003000,$0.004000
Azure,gpt-4o-realtime,$0.005000,$0.020000,$0.000500,$0.002000,$0.002500
Azure,gpt-4o-mini-realtime,$0.000150,$0.000600,$0.000015,$0.000060,$0.000075
Azure,ada,$0.000400,$0.000400,$0.000040,$0.000040,$0.000080
Azure,text-ada-001,$0.000400,$0.000400,$0.000040,$0.000040,$0.000080
Azure,babbage,$0.000500,$0.000500,$0.000050,$0.000050,$0.000100
Azure,curie,$0.002000,$0.002000,$0.000200,$0.000200,$0.000400
Azure,text-curie-001,$0.002000,$0.002000,$0.000200,$0.000200,$0.000400
Azure,davinci,$0.020000,$0.020000,$0.002000,$0.002000,$0.004000
Azure,text-davinci-001,$0.020000,$0.020000,$0.002000,$0.002000,$0.004000
Azure,text-davinci-002,$0.020000,$0.020000,$0.002000,$0.002000,$0.004000
Azure,text-davinci-003,$0.020000,$0.020000,$0.002000,$0.002000,$0.004000
Azure,gpt-3.5-turbo,$0.001500,$0.002000,$0.000150,$0.000200,$0.000350
Azure,gpt-3.5-turbo-0301,$0.001500,$0.002000,$0.000150,$0.000200,$0.000350
Azure,gpt-35-turbo,$0.001500,$0.002000,$0.000150,$0.000200,$0.000350
Azure,gpt-3.5-turbo-1106,$0.001000,$0.002000,$0.000100,$0.000200,$0.000300
Azure,gpt-3.5-turbo-instruct,$0.001500,$0.002000,$0.000150,$0.000200,$0.000350
Azure,gpt-3.5-turbo-instruct-0914,$0.001500,$0.002000,$0.000150,$0.000200,$0.000350
Azure,gpt-4,$0.030000,$0.060000,$0.003000,$0.006000,$0.009000
Azure,gpt-4-0314,$0.030000,$0.060000,$0.003000,$0.006000,$0.009000
Azure,gpt-4-0613,$0.030000,$0.060000,$0.003000,$0.006000,$0.009000
Azure,gpt-4-32k,$0.060000,$0.120000,$0.006000,$0.012000,$0.018000
Azure,gpt-4-32k-0314,$0.060000,$0.120000,$0.006000,$0.012000,$0.018000
Azure,gpt-4-32k-0613,$0.060000,$0.120000,$0.006000,$0.012000,$0.018000
Azure,gpt-4-0125-preview,$0.010000,$0.030000,$0.001000,$0.003000,$0.004000
Azure,gpt-4-1106-preview,$0.010000,$0.030000,$0.001000,$0.003000,$0.004000
Azure,gpt-4-1106-vision-preview,$0.010000,$0.030000,$0.001000,$0.003000,$0.004000
Azure,gpt-4o,$0.005000,$0.015000,$0.000500,$0.001500,$0.002000
Azure,gpt-4o-2024-05-13,$0.005000,$0.015000,$0.000500,$0.001500,$0.002000
Azure,gpt-4o-mini,$0.000150,$0.000600,$0.000015,$0.000060,$0.000075
Azure,gpt-4o-mini-2024-07-18,$0.000150,$0.000600,$0.000015,$0.000060,$0.000075
Azure,gpt-3.5-turbo-0613,$0.001500,$0.002000,$0.000150,$0.000200,$0.000350
Azure,gpt-35-turbo-16k,$0.003000,$0.004000,$0.000300,$0.000400,$0.000700
Azure,gpt-3.5-turbo-16k-0613,$0.003000,$0.004000,$0.000300,$0.000400,$0.000700
Azure,gpt-3.5-turbo-0125,$0.000500,$0.001500,$0.000050,$0.000150,$0.000200
Azure,gpt-4-turbo,$0.010000,$0.030000,$0.001000,$0.003000,$0.004000
Azure,gpt-4-turbo-2024-04-09,$0.010000,$0.030000,$0.001000,$0.003000,$0.004000
Azure,gpt-4-turbo-0125-preview,$0.010000,$0.030000,$0.001000,$0.003000,$0.004000
Azure,text-embedding-ada-002,$0.000100,$0.000000,$0.000010,$0.000000,$0.000010
Azure,text-embedding-ada,$0.000100,$0.000000,$0.000010,$0.000000,$0.000010
Azure,text-embedding-ada-002-v2,$0.000100,$0.000000,$0.000010,$0.000000,$0.000010
Azure,text-embedding-3-small,$0.000020,$0.000000,$0.000002,$0.000000,$0.000002
Azure,text-embedding-3-large,$0.000130,$0.000000,$0.000013,$0.000000,$0.000013
Azure,gpt-4-vision-preview,$0.010000,$0.030000,$0.001000,$0.003000,$0.004000
Azure,gpt-35-turbo-16k-0613,$0.003000,$0.004000,$0.000300,$0.000400,$0.000700
Azure,gpt-4o-2024-08-06,$0.002500,$0.010000,$0.000250,$0.001000,$0.001250
Azure,gpt-4o-2024-11-20,$0.002500,$0.010000,$0.000250,$0.001000,$0.001250
Azure,o1-preview,$0.015000,$0.060000,$0.001500,$0.006000,$0.007500
Azure,o1-preview-2024-09-12,$0.015000,$0.060000,$0.001500,$0.006000,$0.007500
Azure,o1-mini,$0.003000,$0.012000,$0.000300,$0.001200,$0.001500
Azure,o1-mini-2024-09-12,$0.003000,$0.012000,$0.000300,$0.001200,$0.001500
Azure,o1-2024-12-17,$0.015000,$0.060000,$0.001500,$0.006000,$0.007500
Azure,o1,$0.015000,$0.060000,$0.001500,$0.006000,$0.007500
Azure,o3-mini,$0.001100,$0.004400,$0.000110,$0.000440,$0.000550
Azure,o3-mini-2025-01-31,$0.001100,$0.004400,$0.000110,$0.000440,$0.000550
Azure,o3-2025-04-16,$0.010000,$0.040000,$0.001000,$0.004000,$0.005000
Azure,gpt-4.1,$0.002000,$0.008000,$0.000200,$0.000800,$0.001000
Azure,gpt-4.1-2025-04-14,$0.002000,$0.008000,$0.000200,$0.000800,$0.001000
Azure,gpt-4.1-mini,$0.000400,$0.001600,$0.000040,$0.000160,$0.000200
Azure,gpt-4.1-mini-2025-04-14,$0.000400,$0.001600,$0.000040,$0.000160,$0.000200
Azure,gpt-4.1-nano,$0.000100,$0.000400,$0.000010,$0.000040,$0.000050
Azure,gpt-4.1-nano-2025-04-14,$0.000100,$0.000400,$0.000010,$0.000040,$0.000050
Azure,gpt-4o-realtime,$0.005000,$0.020000,$0.000500,$0.002000,$0.002500
Azure,gpt-4o-mini-realtime,$0.000150,$0.000600,$0.000015,$0.000060,$0.000075
Azure,o4-mini,$0.001100,$0.004400,$0.000110,$0.000440,$0.000550
Azure,o4-mini-2025-04-16,$0.001100,$0.004400,$0.000110,$0.000440,$0.000550
NEBIUS,black-forest-labs/flux-schnell,$0.000000,$0.000000,$0.000000,$0.000000,$0.001300
NEBIUS,black-forest-labs/flux-dev,$0.000000,$0.000000,$0.000000,$0.000000,$0.007000
NEBIUS,stability-ai/sdxl,$0.000000,$0.000000,$0.000000,$0.000000,$0.003000
X,grok-beta,$0.005000,$0.015000,$0.000500,$0.001500,$0.002000
X,grok-vision-beta,$0.005000,$0.015000,$0.000500,$0.001500,$0.002000
X,grok-2-1212,$0.002000,$0.010000,$0.000200,$0.001000,$0.001200
X,grok-2-vision-1212,$0.002000,$0.010000,$0.000200,$0.001000,$0.001200
Together AI,allenai/OLMo-7B-Instruct,$0.000200,$0.000200,$0.000020,$0.000020,$0.000040
Together AI,allenai/OLMo-7B-Twin-2T,$0.000200,$0.000200,$0.000020,$0.000020,$0.000040
Together AI,allenai/OLMo-7B,$0.000200,$0.000200,$0.000020,$0.000020,$0.000040
Together AI,Austism/chronos-hermes-13b,$0.000300,$0.000300,$0.000030,$0.000030,$0.000060
Together AI,deepseek-ai/deepseek-coder-33b-instruct,$0.000800,$0.000800,$0.000080,$0.000080,$0.000160
Together AI,garage-bAInd/Platypus2-70B-instruct,$0.000900,$0.000900,$0.000090,$0.000090,$0.000180
Together AI,google/gemma-2b-it,$0.000100,$0.000100,$0.000010,$0.000010,$0.000020
Together AI,google/gemma-7b-it,$0.000200,$0.000200,$0.000020,$0.000020,$0.000040
Together AI,Gryphe/MythoMax-L2-13b,$0.000300,$0.000300,$0.000030,$0.000030,$0.000060
Together AI,lmsys/vicuna-13b-v1.5,$0.000300,$0.000300,$0.000030,$0.000030,$0.000060
Together AI,lmsys/vicuna-7b-v1.5,$0.000200,$0.000200,$0.000020,$0.000020,$0.000040
Together AI,mistralai/Mistral-7B-Instruct-v0.1,$0.000200,$0.000200,$0.000020,$0.000020,$0.000040
Together AI,mistralai/Mistral-7B-Instruct-v0.2,$0.000200,$0.000200,$0.000020,$0.000020,$0.000040
Together AI,mistralai/Mixtral-8x7B-Instruct-v0.1,$0.000900,$0.000900,$0.000090,$0.000090,$0.000180
Together AI,NousResearch/Nous-Capybara-7B-V1p9,$0.000200,$0.000200,$0.000020,$0.000020,$0.000040
Together AI,NousResearch/Nous-Hermes-2-Mixtral-8x7B-DPO,$0.000900,$0.000900,$0.000090,$0.000090,$0.000180
Together AI,NousResearch/Nous-Hermes-2-Mixtral-8x7B-SFT,$0.000900,$0.000900,$0.000090,$0.000090,$0.000180
Together AI,NousResearch/Nous-Hermes-2-Yi-34B,$0.000800,$0.000800,$0.000080,$0.000080,$0.000160
Together AI,openchat/openchat-3.5-1210,$0.000200,$0.000200,$0.000020,$0.000020,$0.000040
Together AI,Open-Orca/Mistral-7B-OpenOrca,$0.000200,$0.000200,$0.000020,$0.000020,$0.000040
Together AI,Qwen/Qwen1.5-0.5B-Chat,$0.000100,$0.000100,$0.000010,$0.000010,$0.000020
Together AI,Qwen/Qwen1.5-1.8B-Chat,$0.000100,$0.000100,$0.000010,$0.000010,$0.000020
Together AI,Qwen/Qwen1.5-4B-Chat,$0.000100,$0.000100,$0.000010,$0.000010,$0.000020
Together AI,Qwen/Qwen1.5-7B-Chat,$0.000200,$0.000200,$0.000020,$0.000020,$0.000040
Together AI,Qwen/Qwen1.5-14B-Chat,$0.000300,$0.000300,$0.000030,$0.000030,$0.000060
Together AI,snorkelai/Snorkel-Mistral-PairRM-DPO,$0.000200,$0.000200,$0.000020,$0.000020,$0.000040
Together AI,togethercomputer/alpaca-7b,$0.000200,$0.000200,$0.000020,$0.000020,$0.000040
Together AI,teknium/OpenHermes-2-Mistral-7B,$0.000200,$0.000200,$0.000020,$0.000020,$0.000040
Together AI,teknium/OpenHermes-2p5-Mistral-7B,$0.000200,$0.000200,$0.000020,$0.000020,$0.000040
Together AI,togethercomputer/RedPajama-INCITE-Chat-3B-v1,$0.000100,$0.000100,$0.000010,$0.000010,$0.000020
Together AI,togethercomputer/RedPajama-INCITE-7B-Chat,$0.000200,$0.000200,$0.000020,$0.000020,$0.000040
Together AI,togethercomputer/StripedHyena-Nous-7B,$0.000200,$0.000200,$0.000020,$0.000020,$0.000040
Together AI,Undi95/ReMM-SLERP-L2-13B,$0.000300,$0.000300,$0.000030,$0.000030,$0.000060
Together AI,Undi95/Toppy-M-7B,$0.000200,$0.000200,$0.000020,$0.000020,$0.000040
Together AI,WizardLM/WizardLM-13B-V1.2,$0.000300,$0.000300,$0.000030,$0.000030,$0.000060
Together AI,upstage/SOLAR-10.7B-Instruct-v1.0,$0.000300,$0.000300,$0.000030,$0.000030,$0.000060
Together AI,meta-llama/Meta-Llama-3.1-8B-Instruct-Turbo,$0.000180,$0.000180,$0.000018,$0.000018,$0.000036
Together AI,meta-llama/Meta-Llama-3.1-70B-Instruct-Turbo,$0.000880,$0.000880,$0.000088,$0.000088,$0.000176
Together AI,meta-llama/Meta-Llama-3.1-405B-Instruct-Turbo,$0.003500,$0.003500,$0.000350,$0.000350,$0.000700
Together AI,meta-llama/Meta-Llama-3-8B-Instruct-Turbo,$0.000180,$0.000180,$0.000018,$0.000018,$0.000036
Together AI,meta-llama/Meta-Llama-3-70B-Instruct-Turbo,$0.000880,$0.000880,$0.000088,$0.000088,$0.000176
Together AI,meta-llama/Meta-Llama-3-8B-Instruct-Lite,$0.000100,$0.000100,$0.000010,$0.000010,$0.000020
Together AI,meta-llama/Meta-Llama-3-70B-Instruct-Lite,$0.000540,$0.000540,$0.000054,$0.000054,$0.000108
Together AI,microsoft/WizardLM-2-8x22B,$0.001200,$0.001200,$0.000120,$0.000120,$0.000240
Together AI,mistralai/Mixtral-8x22B-Instruct-v0.1,$0.002400,$0.002400,$0.000240,$0.000240,$0.000480
Together AI,codellama/CodeLlama-13b-Instruct-hf,$0.000225,$0.000225,$0.000023,$0.000023,$0.000045
Together AI,codellama/CodeLlama-34b-Instruct-hf,$0.000776,$0.000776,$0.000078,$0.000078,$0.000155
Together AI,codellama/CodeLlama-70b-Instruct-hf,$0.000900,$0.000900,$0.000090,$0.000090,$0.000180
Together AI,codellama/CodeLlama-7b-Instruct-hf,$0.000200,$0.000200,$0.000020,$0.000020,$0.000040
Together AI,meta-llama/Llama-2-70b-chat-hf,$0.000900,$0.000900,$0.000090,$0.000090,$0.000180
Together AI,meta-llama/Llama-2-13b-chat-hf,$0.000225,$0.000225,$0.000023,$0.000023,$0.000045
Together AI,meta-llama/Llama-2-7b-chat-hf,$0.000200,$0.000200,$0.000020,$0.000020,$0.000040
Together AI,meta-llama/Llama-3-70b-chat-hf,$0.000900,$0.000900,$0.000090,$0.000090,$0.000180
Together AI,meta-llama/Llama-3-8b-chat-hf,$0.000200,$0.000200,$0.000020,$0.000020,$0.000040
Together AI,NousResearch/Nous-Hermes-llama-2-7b,$0.000200,$0.000200,$0.000020,$0.000020,$0.000040
Together AI,NousResearch/Nous-Hermes-Llama2-13b,$0.000225,$0.000225,$0.000023,$0.000023,$0.000045
Together AI,togethercomputer/Llama-2-7B-32K-Instruct,$0.000200,$0.000200,$0.000020,$0.000020,$0.000040
Together AI,meta-llama/Meta-Llama-3.1-70B-Instruct-Turbo,$0.000880,$0.000880,$0.000088,$0.000088,$0.000176
Together AI,meta-llama/Meta-Llama-3.3-70B-Instruct-Turbo,$0.000880,$0.000880,$0.000088,$0.000088,$0.000176
Together AI,meta-llama/Llama-3.3-70B-Instruct-Turbo,$0.000880,$0.000880,$0.000088,$0.000088,$0.000176
Together AI,meta-llama/Meta-Llama-3.1-8B-Instruct-Turbo,$0.000180,$0.000180,$0.000018,$0.000018,$0.000036
Together AI,meta-llama/Meta-Llama-3.1-405B-Instruct-Turbo,$0.003500,$0.003500,$0.000350,$0.000350,$0.000700
Together AI,meta-llama/Meta-Llama-3-70B-Instruct-Turbo,$0.000880,$0.000880,$0.000088,$0.000088,$0.000176
Together AI,meta-llama/Meta-Llama-3-8B-Instruct-Turbo,$0.000180,$0.000180,$0.000018,$0.000018,$0.000036
Together AI,meta-llama/Meta-Llama-3-70B-Instruct-Lite,$0.000540,$0.000540,$0.000054,$0.000054,$0.000108
Together AI,meta-llama/Meta-Llama-3-8B-Instruct-Lite,$0.000100,$0.000100,$0.000010,$0.000010,$0.000020
Together AI,zero-one-ai/Yi-34B,$0.000800,$0.000800,$0.000080,$0.000080,$0.000160
Together AI,zero-one-ai/Yi-6B,$0.000200,$0.000200,$0.000020,$0.000020,$0.000040
Together AI,google/gemma-2b,$0.000100,$0.000100,$0.000010,$0.000010,$0.000020
Together AI,google/gemma-7b,$0.000200,$0.000200,$0.000020,$0.000020,$0.000040
Together AI,microsoft/phi-2,$0.000100,$0.000100,$0.000010,$0.000010,$0.000020
Together AI,Nexusflow/NexusRaven-V2-13B,$0.000300,$0.000300,$0.000030,$0.000030,$0.000060
Together AI,Qwen/Qwen1.5-0.5B,$0.000100,$0.000100,$0.000010,$0.000010,$0.000020
Together AI,Qwen/Qwen1.5-1.8B,$0.000100,$0.000100,$0.000010,$0.000010,$0.000020
Together AI,Qwen/Qwen1.5-4B,$0.000100,$0.000100,$0.000010,$0.000010,$0.000020
Together AI,Qwen/Qwen1.5-7B,$0.000200,$0.000200,$0.000020,$0.000020,$0.000040
Together AI,Qwen/Qwen1.5-14B,$0.000300,$0.000300,$0.000030,$0.000030,$0.000060
Together AI,Qwen/Qwen1.5-72B,$0.000900,$0.000900,$0.000090,$0.000090,$0.000180
Together AI,togethercomputer/GPT-JT-Moderation-6B,$0.000200,$0.000200,$0.000020,$0.000020,$0.000040
Together AI,togethercomputer/RedPajama-INCITE-Base-3B-v1,$0.000100,$0.000100,$0.000010,$0.000010,$0.000020
Together AI,togethercomputer/RedPajama-INCITE-7B-Base,$0.000200,$0.000200,$0.000020,$0.000020,$0.000040
Together AI,togethercomputer/RedPajama-INCITE-Instruct-3B-v1,$0.000100,$0.000100,$0.000010,$0.000010,$0.000020
Together AI,togethercomputer/RedPajama-INCITE-7B-Instruct,$0.000200,$0.000200,$0.000020,$0.000020,$0.000040
Together AI,togethercomputer/StripedHyena-Hessian-7B,$0.000200,$0.000200,$0.000020,$0.000020,$0.000040
Together AI,mistralai/Mistral-7B-v0.1,$0.000200,$0.000200,$0.000020,$0.000020,$0.000040
Together AI,mistralai/Mixtral-8x7B-v0.1,$0.000900,$0.000900,$0.000090,$0.000090,$0.000180
Together AI,zero-one-ai/Yi-34B,$0.000800,$0.000800,$0.000080,$0.000080,$0.000160
Together AI,zero-one-ai/Yi-6B,$0.000200,$0.000200,$0.000020,$0.000020,$0.000040
Together AI,google/gemma-2b,$0.000100,$0.000100,$0.000010,$0.000010,$0.000020
Together AI,google/gemma-7b,$0.000200,$0.000200,$0.000020,$0.000020,$0.000040
Together AI,microsoft/phi-2,$0.000100,$0.000100,$0.000010,$0.000010,$0.000020
Together AI,Nexusflow/NexusRaven-V2-13B,$0.000300,$0.000300,$0.000030,$0.000030,$0.000060
Together AI,Qwen/Qwen1.5-0.5B,$0.000100,$0.000100,$0.000010,$0.000010,$0.000020
Together AI,Qwen/Qwen1.5-1.8B,$0.000100,$0.000100,$0.000010,$0.000010,$0.000020
Together AI,Qwen/Qwen1.5-4B,$0.000100,$0.000100,$0.000010,$0.000010,$0.000020
Together AI,Qwen/Qwen1.5-7B,$0.000200,$0.000200,$0.000020,$0.000020,$0.000040
Together AI,Qwen/Qwen1.5-14B,$0.000300,$0.000300,$0.000030,$0.000030,$0.000060
Together AI,Qwen/Qwen1.5-72B,$0.000900,$0.000900,$0.000090,$0.000090,$0.000180
Together AI,togethercomputer/GPT-JT-Moderation-6B,$0.000200,$0.000200,$0.000020,$0.000020,$0.000040
Together AI,togethercomputer/RedPajama-INCITE-Base-3B-v1,$0.000100,$0.000100,$0.000010,$0.000010,$0.000020
Together AI,togethercomputer/RedPajama-INCITE-7B-Base,$0.000200,$0.000200,$0.000020,$0.000020,$0.000040
Together AI,togethercomputer/RedPajama-INCITE-Instruct-3B-v1,$0.000100,$0.000100,$0.000010,$0.000010,$0.000020
Together AI,togethercomputer/RedPajama-INCITE-7B-Instruct,$0.000200,$0.000200,$0.000020,$0.000020,$0.000040
Together AI,togethercomputer/StripedHyena-Hessian-7B,$0.000200,$0.000200,$0.000020,$0.000020,$0.000040
Together AI,mistralai/Mistral-7B-v0.1,$0.000200,$0.000200,$0.000020,$0.000020,$0.000040
Together AI,mistralai/Mixtral-8x7B-v0.1,$0.000900,$0.000900,$0.000090,$0.000090,$0.000180
Fireworks,accounts/fireworks/models/mixtral-8x7b-instruct,$0.000500,$0.000500,$0.000050,$0.000050,$0.000100
Fireworks,accounts/fireworks/models/mixtral-8x22b-instruct,$0.001200,$0.001200,$0.000120,$0.000120,$0.000240
Fireworks,accounts/fireworks/models/yi-large,$0.003000,$0.003000,$0.000300,$0.000300,$0.000600
Fireworks,accounts/fireworks/models/sd3,$0.130000,$0.130000,$0.013000,$0.013000,$0.026000
Fireworks,accounts/fireworks/models/sd3-medium,$0.130000,$0.130000,$0.013000,$0.013000,$0.026000
Fireworks,accounts/fireworks/models/stable-diffusion-xl-1024-v1-0,$0.130000,$0.130000,$0.013000,$0.013000,$0.026000
Fireworks,accounts/fireworks/models/playground-v2-1024px-aesthetic,$0.130000,$0.130000,$0.013000,$0.013000,$0.026000
Fireworks,accounts/fireworks/models/playground-v2-5-1024px-aesthetic,$0.130000,$0.130000,$0.013000,$0.013000,$0.026000
Fireworks,accounts/fireworks/models/SSD-1B,$0.130000,$0.130000,$0.013000,$0.013000,$0.026000
Fireworks,accounts/fireworks/models/japanese-stable-diffusion-xl,$0.130000,$0.130000,$0.013000,$0.013000,$0.026000
Fireworks,accounts/fireworks/models/sd3-turbo,$0.130000,$0.130000,$0.013000,$0.013000,$0.026000
Fireworks,accounts/fireworks/models/sd3-ControlNet,$0.200000,$0.200000,$0.020000,$0.020000,$0.040000
Fireworks,accounts/fireworks/models/sd3-medium-ControlNet,$0.200000,$0.200000,$0.020000,$0.020000,$0.040000
Fireworks,accounts/fireworks/models/stable-diffusion-xl-1024-v1-0-ControlNet,$0.200000,$0.200000,$0.020000,$0.020000,$0.040000
Fireworks,accounts/fireworks/models/playground-v2-1024px-aesthetic-ControlNet,$0.200000,$0.200000,$0.020000,$0.020000,$0.040000
Fireworks,accounts/fireworks/models/playground-v2-5-1024px-aesthetic-ControlNet,$0.200000,$0.200000,$0.020000,$0.020000,$0.040000
Fireworks,accounts/fireworks/models/SSD-1B-ControlNet,$0.200000,$0.200000,$0.020000,$0.020000,$0.040000
Fireworks,accounts/fireworks/models/japanese-stable-diffusion-xl-ControlNet,$0.200000,$0.200000,$0.020000,$0.020000,$0.040000
Fireworks,accounts/fireworks/models/sd3-turbo-ControlNet,$0.200000,$0.200000,$0.020000,$0.020000,$0.040000
Fireworks,accounts/fireworks/models/llama-v3p1-405b-instruct,$0.003000,$0.003000,$0.000300,$0.000300,$0.000600
PERPLEXITY,sonar-reasoning,$0.010000,$0.050000,$0.001000,$0.005000,$0.006000
PERPLEXITY,sonar,$0.010000,$0.010000,$0.001000,$0.001000,$0.002000
PERPLEXITY,sonar-pro,$0.030000,$0.150000,$0.003000,$0.015000,$0.018000
Google,gemini-pro,$0.000125,$0.000375,$0.000013,$0.000038,$0.000050
Google,gemini-1.0-pro-vision-001,$0.000125,$0.000375,$0.000013,$0.000038,$0.000050
Google,gemini-1.0-pro,$0.000125,$0.000375,$0.000013,$0.000038,$0.000050
Google,gemini-1.5-flash,$0.000350,$0.001050,$0.000035,$0.000105,$0.000140
Google,gemini-flash-1.5-8b,$0.000038,$0.000150,$0.000004,$0.000015,$0.000019
Google,gemini-1.5-pro,$0.003500,$0.010500,$0.000350,$0.001050,$0.001400
Google,gemini-2.0-flash,$0.000100,$0.000400,$0.000010,$0.000040,$0.000050
Google,claude-3-opus,$0.015000,$0.075000,$0.001500,$0.007500,$0.009000
Google,claude-3-5-haiku,$0.000800,$0.004000,$0.000080,$0.000400,$0.000480
Google,claude-3-5-sonnet,$0.003000,$0.015000,$0.000300,$0.001500,$0.001800
Google,claude-3-7-sonnet,$0.003000,$0.015000,$0.000300,$0.001500,$0.001800
Google,gemini-2.5-pro-exp-03-25,$0.000000,$0.000000,$0.000000,$0.000000,$0.000000
Google,gemini-2.0-flash,$0.000100,$0.000400,$0.000010,$0.000040,$0.000050
Google,gemini-2.0-flash-lite,$0.000100,$0.000400,$0.000010,$0.000040,$0.000050
Google,gemini-2.5-pro-preview,$0.001250,$0.010000,$0.000125,$0.001000,$0.001125
Google,gemini-2.5-flash-preview,$0.000150,$0.000600,$0.000015,$0.000060,$0.000075
OpenRouter,google/gemini-2.5-pro-preview-03-25,$0.001250,$0.010000,$0.000125,$0.001000,$0.001125
OpenRouter,thudm/glm-z1-32b:free,$0.000000,$0.000000,$0.000000,$0.000000,$0.000000
OpenRouter,thudm/glm-4-32b:free,$0.000000,$0.000000,$0.000000,$0.000000,$0.000000
OpenRouter,google/gemini-2.5-flash-preview,$0.000150,$0.000600,$0.000015,$0.000060,$0.000075
OpenRouter,google/gemini-2.5-flash-preview:thinking,$0.000150,$0.003500,$0.000015,$0.000350,$0.000365
OpenRouter,openai/o4-mini-high,$0.001100,$0.004400,$0.000110,$0.000440,$0.000550
OpenRouter,openai/o3,$0.010000,$0.040000,$0.001000,$0.004000,$0.005000
OpenRouter,openai/o4-mini,$0.001100,$0.004400,$0.000110,$0.000440,$0.000550
OpenRouter,shisa-ai/shisa-v2-llama3.3-70b:free,$0.000000,$0.000000,$0.000000,$0.000000,$0.000000
OpenRouter,qwen/qwen2.5-coder-7b-instruct,$0.000200,$0.000200,$0.000020,$0.000020,$0.000040
OpenRouter,openai/gpt-4.1,$0.002000,$0.008000,$0.000200,$0.000800,$0.001000
OpenRouter,openai/gpt-4.1-mini,$0.000400,$0.001600,$0.000040,$0.000160,$0.000200
OpenRouter,openai/gpt-4.1-nano,$0.000100,$0.000400,$0.000010,$0.000040,$0.000050
OpenRouter,eleutherai/llemma_7b,$0.000800,$0.001200,$0.000080,$0.000120,$0.000200
OpenRouter,alfredpros/codellama-7b-instruct-solidity,$0.000800,$0.001200,$0.000080,$0.000120,$0.000200
OpenRouter,arliai/qwq-32b-arliai-rpr-v1:free,$0.000000,$0.000000,$0.000000,$0.000000,$0.000000
OpenRouter,agentica-org/deepcoder-14b-preview:free,$0.000000,$0.000000,$0.000000,$0.000000,$0.000000
OpenRouter,moonshotai/kimi-vl-a3b-thinking:free,$0.000000,$0.000000,$0.000000,$0.000000,$0.000000
OpenRouter,x-ai/grok-3-mini-beta,$0.000300,$0.000500,$0.000030,$0.000050,$0.000080
OpenRouter,x-ai/grok-3-beta,$0.003000,$0.015000,$0.000300,$0.001500,$0.001800
OpenRouter,nvidia/llama-3.1-nemotron-nano-8b-v1:free,$0.000000,$0.000000,$0.000000,$0.000000,$0.000000
OpenRouter,nvidia/llama-3.3-nemotron-super-49b-v1:free,$0.000000,$0.000000,$0.000000,$0.000000,$0.000000
OpenRouter,nvidia/llama-3.1-nemotron-ultra-253b-v1:free,$0.000000,$0.000000,$0.000000,$0.000000,$0.000000
OpenRouter,meta-llama/llama-4-maverick:free,$0.000000,$0.000000,$0.000000,$0.000000,$0.000000
OpenRouter,meta-llama/llama-4-maverick,$0.000170,$0.000850,$0.000017,$0.000085,$0.000102
OpenRouter,meta-llama/llama-4-scout:free,$0.000000,$0.000000,$0.000000,$0.000000,$0.000000
OpenRouter,meta-llama/llama-4-scout,$0.000080,$0.000300,$0.000008,$0.000030,$0.000038
OpenRouter,all-hands/openhands-lm-32b-v0.1,$0.002600,$0.003400,$0.000260,$0.000340,$0.000600
OpenRouter,mistral/ministral-8b,$0.000100,$0.000100,$0.000010,$0.000010,$0.000020
OpenRouter,deepseek/deepseek-v3-base:free,$0.000000,$0.000000,$0.000000,$0.000000,$0.000000
OpenRouter,scb10x/llama3.1-typhoon2-8b-instruct,$0.000180,$0.000180,$0.000018,$0.000018,$0.000036
OpenRouter,scb10x/llama3.1-typhoon2-70b-instruct,$0.000880,$0.000880,$0.000088,$0.000088,$0.000176
OpenRouter,allenai/molmo-7b-d:free,$0.000000,$0.000000,$0.000000,$0.000000,$0.000000
OpenRouter,bytedance-research/ui-tars-72b:free,$0.000000,$0.000000,$0.000000,$0.000000,$0.000000
OpenRouter,qwen/qwen2.5-vl-3b-instruct:free,$0.000000,$0.000000,$0.000000,$0.000000,$0.000000
OpenRouter,google/gemini-2.5-pro-exp-03-25:free,$0.000000,$0.000000,$0.000000,$0.000000,$0.000000
OpenRouter,qwen/qwen2.5-vl-32b-instruct:free,$0.000000,$0.000000,$0.000000,$0.000000,$0.000000
OpenRouter,qwen/qwen2.5-vl-32b-instruct,$0.000900,$0.000900,$0.000090,$0.000090,$0.000180
OpenRouter,deepseek/deepseek-chat-v3-0324:free,$0.000000,$0.000000,$0.000000,$0.000000,$0.000000
OpenRouter,deepseek/deepseek-chat-v3-0324,$0.000270,$0.001100,$0.000027,$0.000110,$0.000137
OpenRouter,featherless/qwerky-72b:free,$0.000000,$0.000000,$0.000000,$0.000000,$0.000000
OpenRouter,openai/o1-pro,$0.150000,$0.600000,$0.015000,$0.060000,$0.075000
OpenRouter,mistralai/mistral-small-3.1-24b-instruct:free,$0.000000,$0.000000,$0.000000,$0.000000,$0.000000
OpenRouter,mistralai/mistral-small-3.1-24b-instruct,$0.000100,$0.000300,$0.000010,$0.000030,$0.000040
OpenRouter,open-r1/olympiccoder-7b:free,$0.000000,$0.000000,$0.000000,$0.000000,$0.000000
OpenRouter,open-r1/olympiccoder-32b:free,$0.000000,$0.000000,$0.000000,$0.000000,$0.000000
OpenRouter,steelskull/l3.3-electra-r1-70b,$0.000700,$0.000950,$0.000070,$0.000095,$0.000165
OpenRouter,google/gemma-3-1b-it:free,$0.000000,$0.000000,$0.000000,$0.000000,$0.000000
OpenRouter,google/gemma-3-4b-it:free,$0.000000,$0.000000,$0.000000,$0.000000,$0.000000
OpenRouter,google/gemma-3-4b-it,$0.000020,$0.000040,$0.000002,$0.000004,$0.000006
OpenRouter,ai21/jamba-1.6-large,$0.002000,$0.008000,$0.000200,$0.000800,$0.001000
OpenRouter,ai21/jamba-1.6-mini,$0.000200,$0.000400,$0.000020,$0.000040,$0.000060
OpenRouter,google/gemma-3-12b-it:free,$0.000000,$0.000000,$0.000000,$0.000000,$0.000000
OpenRouter,google/gemma-3-12b-it,$0.000050,$0.000100,$0.000005,$0.000010,$0.000015
OpenRouter,cohere/command-a,$0.002500,$0.010000,$0.000250,$0.001000,$0.001250
OpenRouter,openai/gpt-4o-mini-search-preview,$0.000150,$0.000600,$0.000015,$0.000060,$0.000075
OpenRouter,openai/gpt-4o-search-preview,$0.002500,$0.010000,$0.000250,$0.001000,$0.001250
OpenRouter,rekaai/reka-flash-3:free,$0.000000,$0.000000,$0.000000,$0.000000,$0.000000
OpenRouter,google/gemma-3-27b-it:free,$0.000000,$0.000000,$0.000000,$0.000000,$0.000000
OpenRouter,google/gemma-3-27b-it,$0.000100,$0.000200,$0.000010,$0.000020,$0.000030
OpenRouter,thedrummer/anubis-pro-105b-v1,$0.000800,$0.001000,$0.000080,$0.000100,$0.000180
OpenRouter,latitudegames/wayfarer-large-70b-llama-3.3,$0.000800,$0.000900,$0.000080,$0.000090,$0.000170
OpenRouter,thedrummer/skyfall-36b-v2,$0.000500,$0.000800,$0.000050,$0.000080,$0.000130
OpenRouter,microsoft/phi-4-multimodal-instruct,$0.000050,$0.000100,$0.000005,$0.000010,$0.000015
OpenRouter,perplexity/sonar-reasoning-pro,$0.002000,$0.008000,$0.000200,$0.000800,$0.001000
OpenRouter,perplexity/sonar-pro,$0.003000,$0.015000,$0.000300,$0.001500,$0.001800
OpenRouter,perplexity/sonar-deep-research,$0.002000,$0.008000,$0.000200,$0.000800,$0.001000
OpenRouter,deepseek/deepseek-r1-zero:free,$0.000000,$0.000000,$0.000000,$0.000000,$0.000000
OpenRouter,qwen/qwq-32b:free,$0.000000,$0.000000,$0.000000,$0.000000,$0.000000
OpenRouter,qwen/qwq-32b,$0.000150,$0.000200,$0.000015,$0.000020,$0.000035
OpenRouter,moonshotai/moonlight-16b-a3b-instruct:free,$0.000000,$0.000000,$0.000000,$0.000000,$0.000000
OpenRouter,nousresearch/deephermes-3-llama-3-8b-preview:free,$0.000000,$0.000000,$0.000000,$0.000000,$0.000000
OpenRouter,openai/gpt-4.5-preview,$0.075000,$0.150000,$0.007500,$0.015000,$0.022500
OpenRouter,google/gemini-2.0-flash-lite-001,$0.000075,$0.000300,$0.000008,$0.000030,$0.000038
OpenRouter,anthropic/claude-3.7-sonnet,$0.003000,$0.015000,$0.000300,$0.001500,$0.001800
OpenRouter,anthropic/claude-3.7-sonnet:thinking,$0.003000,$0.015000,$0.000300,$0.001500,$0.001800
OpenRouter,anthropic/claude-3.7-sonnet:beta,$0.003000,$0.015000,$0.000300,$0.001500,$0.001800
OpenRouter,perplexity/r1-1776,$0.002000,$0.008000,$0.000200,$0.000800,$0.001000
OpenRouter,mistralai/mistral-saba,$0.000200,$0.000600,$0.000020,$0.000060,$0.000080
OpenRouter,cognitivecomputations/dolphin3.0-r1-mistral-24b:free,$0.000000,$0.000000,$0.000000,$0.000000,$0.000000
OpenRouter,cognitivecomputations/dolphin3.0-mistral-24b:free,$0.000000,$0.000000,$0.000000,$0.000000,$0.000000
OpenRouter,meta-llama/llama-guard-3-8b,$0.000100,$0.000100,$0.000010,$0.000010,$0.000020
OpenRouter,openai/o3-mini-high,$0.001100,$0.004400,$0.000110,$0.000440,$0.000550
OpenRouter,deepseek/deepseek-r1-distill-llama-8b,$0.000040,$0.000040,$0.000004,$0.000004,$0.000008
OpenRouter,google/gemini-2.0-flash-001,$0.000100,$0.000400,$0.000010,$0.000040,$0.000050
OpenRouter,qwen/qwen-vl-plus,$0.000210,$0.000630,$0.000021,$0.000063,$0.000084
OpenRouter,aion-labs/aion-1.0,$0.004000,$0.008000,$0.000400,$0.000800,$0.001200
OpenRouter,aion-labs/aion-1.0-mini,$0.000700,$0.001400,$0.000070,$0.000140,$0.000210
OpenRouter,aion-labs/aion-rp-llama-3.1-8b,$0.000200,$0.000200,$0.000020,$0.000020,$0.000040
OpenRouter,qwen/qwen-vl-max,$0.000800,$0.003200,$0.000080,$0.000320,$0.000400
OpenRouter,qwen/qwen-turbo,$0.000050,$0.000200,$0.000005,$0.000020,$0.000025
OpenRouter,qwen/qwen2.5-vl-72b-instruct:free,$0.000000,$0.000000,$0.000000,$0.000000,$0.000000
OpenRouter,qwen/qwen2.5-vl-72b-instruct,$0.000700,$0.000700,$0.000070,$0.000070,$0.000140
OpenRouter,qwen/qwen-plus,$0.000400,$0.001200,$0.000040,$0.000120,$0.000160
OpenRouter,qwen/qwen-max,$0.001600,$0.006400,$0.000160,$0.000640,$0.000800
OpenRouter,openai/o3-mini,$0.001100,$0.004400,$0.000110,$0.000440,$0.000550
OpenRouter,deepseek/deepseek-r1-distill-qwen-1.5b,$0.000180,$0.000180,$0.000018,$0.000018,$0.000036
OpenRouter,mistralai/mistral-small-24b-instruct-2501:free,$0.000000,$0.000000,$0.000000,$0.000000,$0.000000
OpenRouter,mistralai/mistral-small-24b-instruct-2501,$0.000070,$0.000140,$0.000007,$0.000014,$0.000021
OpenRouter,deepseek/deepseek-r1-distill-qwen-32b:free,$0.000000,$0.000000,$0.000000,$0.000000,$0.000000
OpenRouter,deepseek/deepseek-r1-distill-qwen-32b,$0.000120,$0.000180,$0.000012,$0.000018,$0.000030
OpenRouter,deepseek/deepseek-r1-distill-qwen-14b:free,$0.000000,$0.000000,$0.000000,$0.000000,$0.000000
OpenRouter,deepseek/deepseek-r1-distill-qwen-14b,$0.000150,$0.000150,$0.000015,$0.000015,$0.000030
OpenRouter,perplexity/sonar-reasoning,$0.001000,$0.005000,$0.000100,$0.000500,$0.000600
OpenRouter,perplexity/sonar,$0.001000,$0.001000,$0.000100,$0.000100,$0.000200
OpenRouter,liquid/lfm-7b,$0.000010,$0.000010,$0.000001,$0.000001,$0.000002
OpenRouter,liquid/lfm-3b,$0.000020,$0.000020,$0.000002,$0.000002,$0.000004
OpenRouter,deepseek/deepseek-r1-distill-llama-70b:free,$0.000000,$0.000000,$0.000000,$0.000000,$0.000000
OpenRouter,deepseek/deepseek-r1-distill-llama-70b,$0.000100,$0.000400,$0.000010,$0.000040,$0.000050
OpenRouter,google/gemini-2.0-flash-thinking-exp:free,$0.000000,$0.000000,$0.000000,$0.000000,$0.000000
OpenRouter,deepseek/deepseek-r1:free,$0.000000,$0.000000,$0.000000,$0.000000,$0.000000
OpenRouter,deepseek/deepseek-r1,$0.000500,$0.003000,$0.000050,$0.000300,$0.000350
OpenRouter,sophosympatheia/rogue-rose-103b-v0.2:free,$0.000000,$0.000000,$0.000000,$0.000000,$0.000000
OpenRouter,minimax/minimax-01,$0.000200,$0.001100,$0.000020,$0.000110,$0.000130
OpenRouter,mistralai/codestral-2501,$0.000300,$0.000900,$0.000030,$0.000090,$0.000120
OpenRouter,microsoft/phi-4,$0.000070,$0.000140,$0.000007,$0.000014,$0.000021
OpenRouter,deepseek/deepseek-chat:free,$0.000000,$0.000000,$0.000000,$0.000000,$0.000000
OpenRouter,deepseek/deepseek-chat,$0.000380,$0.000890,$0.000038,$0.000089,$0.000127
OpenRouter,google/gemini-2.0-flash-thinking-exp-1219:free,$0.000000,$0.000000,$0.000000,$0.000000,$0.000000
OpenRouter,sao10k/l3.3-euryale-70b,$0.000700,$0.000800,$0.000070,$0.000080,$0.000150
OpenRouter,openai/o1,$0.015000,$0.060000,$0.001500,$0.006000,$0.007500
OpenRouter,eva-unit-01/eva-llama-3.33-70b,$0.004000,$0.006000,$0.000400,$0.000600,$0.001000
OpenRouter,x-ai/grok-2-vision-1212,$0.002000,$0.010000,$0.000200,$0.001000,$0.001200
OpenRouter,x-ai/grok-2-1212,$0.002000,$0.010000,$0.000200,$0.001000,$0.001200
OpenRouter,cohere/command-r7b-12-2024,$0.000038,$0.000150,$0.000004,$0.000015,$0.000019
OpenRouter,google/gemini-2.0-flash-exp:free,$0.000000,$0.000000,$0.000000,$0.000000,$0.000000
OpenRouter,meta-llama/llama-3.3-70b-instruct:free,$0.000000,$0.000000,$0.000000,$0.000000,$0.000000
OpenRouter,meta-llama/llama-3.3-70b-instruct,$0.000100,$0.000250,$0.000010,$0.000025,$0.000035
OpenRouter,amazon/nova-lite-v1,$0.000060,$0.000240,$0.000006,$0.000024,$0.000030
OpenRouter,amazon/nova-micro-v1,$0.000035,$0.000140,$0.000004,$0.000014,$0.000018
OpenRouter,amazon/nova-pro-v1,$0.000800,$0.003200,$0.000080,$0.000320,$0.000400
OpenRouter,qwen/qwq-32b-preview:free,$0.000000,$0.000000,$0.000000,$0.000000,$0.000000
OpenRouter,qwen/qwq-32b-preview,$0.000200,$0.000200,$0.000020,$0.000020,$0.000040
OpenRouter,google/learnlm-1.5-pro-experimental:free,$0.000000,$0.000000,$0.000000,$0.000000,$0.000000
OpenRouter,eva-unit-01/eva-qwen-2.5-72b,$0.000900,$0.001200,$0.000090,$0.000120,$0.000210
OpenRouter,openai/gpt-4o-2024-11-20,$0.002500,$0.010000,$0.000250,$0.001000,$0.001250
OpenRouter,mistralai/mistral-large-2411,$0.002000,$0.006000,$0.000200,$0.000600,$0.000800
OpenRouter,mistralai/mistral-large-2407,$0.002000,$0.006000,$0.000200,$0.000600,$0.000800
OpenRouter,mistralai/pixtral-large-2411,$0.002000,$0.006000,$0.000200,$0.000600,$0.000800
OpenRouter,x-ai/grok-vision-beta,$0.005000,$0.015000,$0.000500,$0.001500,$0.002000
OpenRouter,infermatic/mn-inferor-12b,$0.000800,$0.001200,$0.000080,$0.000120,$0.000200
OpenRouter,qwen/qwen-2.5-coder-32b-instruct:free,$0.000000,$0.000000,$0.000000,$0.000000,$0.000000
OpenRouter,qwen/qwen-2.5-coder-32b-instruct,$0.000070,$0.000150,$0.000007,$0.000015,$0.000022
OpenRouter,raifle/sorcererlm-8x22b,$0.004500,$0.004500,$0.000450,$0.000450,$0.000900
OpenRouter,eva-unit-01/eva-qwen-2.5-32b,$0.002600,$0.003400,$0.000260,$0.000340,$0.000600
OpenRouter,thedrummer/unslopnemo-12b,$0.000500,$0.000500,$0.000050,$0.000050,$0.000100
OpenRouter,anthropic/claude-3.5-haiku:beta,$0.000800,$0.004000,$0.000080,$0.000400,$0.000480
OpenRouter,anthropic/claude-3.5-haiku,$0.000800,$0.004000,$0.000080,$0.000400,$0.000480
OpenRouter,anthropic/claude-3.5-haiku-20241022:beta,$0.000800,$0.004000,$0.000080,$0.000400,$0.000480
OpenRouter,anthropic/claude-3.5-haiku-20241022,$0.000800,$0.004000,$0.000080,$0.000400,$0.000480
OpenRouter,neversleep/llama-3.1-lumimaid-70b,$0.001500,$0.002250,$0.000150,$0.000225,$0.000375
OpenRouter,anthracite-org/magnum-v4-72b,$0.001500,$0.002250,$0.000150,$0.000225,$0.000375
OpenRouter,anthropic/claude-3.5-sonnet:beta,$0.003000,$0.015000,$0.000300,$0.001500,$0.001800
OpenRouter,anthropic/claude-3.5-sonnet,$0.003000,$0.015000,$0.000300,$0.001500,$0.001800
OpenRouter,x-ai/grok-beta,$0.005000,$0.015000,$0.000500,$0.001500,$0.002000
OpenRouter,mistralai/ministral-8b,$0.000100,$0.000100,$0.000010,$0.000010,$0.000020
OpenRouter,mistralai/ministral-3b,$0.000040,$0.000040,$0.000004,$0.000004,$0.000008
OpenRouter,qwen/qwen-2.5-7b-instruct:free,$0.000000,$0.000000,$0.000000,$0.000000,$0.000000
OpenRouter,qwen/qwen-2.5-7b-instruct,$0.000050,$0.000100,$0.000005,$0.000010,$0.000015
OpenRouter,nvidia/llama-3.1-nemotron-70b-instruct:free,$0.000000,$0.000000,$0.000000,$0.000000,$0.000000
OpenRouter,nvidia/llama-3.1-nemotron-70b-instruct,$0.000120,$0.000300,$0.000012,$0.000030,$0.000042
OpenRouter,inflection/inflection-3-productivity,$0.002500,$0.010000,$0.000250,$0.001000,$0.001250
OpenRouter,inflection/inflection-3-pi,$0.002500,$0.010000,$0.000250,$0.001000,$0.001250
OpenRouter,google/gemini-flash-1.5-8b,$0.000038,$0.000150,$0.000004,$0.000015,$0.000019
OpenRouter,thedrummer/rocinante-12b,$0.000250,$0.000500,$0.000025,$0.000050,$0.000075
OpenRouter,anthracite-org/magnum-v2-72b,$0.003000,$0.003000,$0.000300,$0.000300,$0.000600
OpenRouter,liquid/lfm-40b,$0.000150,$0.000150,$0.000015,$0.000015,$0.000030
OpenRouter,meta-llama/llama-3.2-3b-instruct:free,$0.000000,$0.000000,$0.000000,$0.000000,$0.000000
OpenRouter,meta-llama/llama-3.2-3b-instruct,$0.000015,$0.000025,$0.000002,$0.000003,$0.000004
OpenRouter,meta-llama/llama-3.2-1b-instruct:free,$0.000000,$0.000000,$0.000000,$0.000000,$0.000000
OpenRouter,meta-llama/llama-3.2-1b-instruct,$0.000010,$0.000010,$0.000001,$0.000001,$0.000002
OpenRouter,meta-llama/llama-3.2-90b-vision-instruct,$0.000900,$0.000900,$0.000090,$0.000090,$0.000180
OpenRouter,meta-llama/llama-3.2-11b-vision-instruct:free,$0.000000,$0.000000,$0.000000,$0.000000,$0.000000
OpenRouter,meta-llama/llama-3.2-11b-vision-instruct,$0.000049,$0.000049,$0.000005,$0.000005,$0.000010
OpenRouter,qwen/qwen-2.5-72b-instruct:free,$0.000000,$0.000000,$0.000000,$0.000000,$0.000000
OpenRouter,qwen/qwen-2.5-72b-instruct,$0.000120,$0.000390,$0.000012,$0.000039,$0.000051
OpenRouter,qwen/qwen-2.5-vl-72b-instruct,$0.000600,$0.000600,$0.000060,$0.000060,$0.000120
OpenRouter,neversleep/llama-3.1-lumimaid-8b,$0.000094,$0.000750,$0.000009,$0.000075,$0.000084
OpenRouter,openai/o1-preview,$0.015000,$0.060000,$0.001500,$0.006000,$0.007500
OpenRouter,openai/o1-preview-2024-09-12,$0.015000,$0.060000,$0.001500,$0.006000,$0.007500
OpenRouter,openai/o1-mini,$0.001100,$0.004400,$0.000110,$0.000440,$0.000550
OpenRouter,openai/o1-mini-2024-09-12,$0.001100,$0.004400,$0.000110,$0.000440,$0.000550
OpenRouter,mistralai/pixtral-12b,$0.000100,$0.000100,$0.000010,$0.000010,$0.000020
OpenRouter,cohere/command-r-plus-08-2024,$0.002500,$0.010000,$0.000250,$0.001000,$0.001250
OpenRouter,cohere/command-r-08-2024,$0.000150,$0.000600,$0.000015,$0.000060,$0.000075
OpenRouter,qwen/qwen-2.5-vl-7b-instruct:free,$0.000000,$0.000000,$0.000000,$0.000000,$0.000000
OpenRouter,qwen/qwen-2.5-vl-7b-instruct,$0.000200,$0.000200,$0.000020,$0.000020,$0.000040
OpenRouter,sao10k/l3.1-euryale-70b,$0.000700,$0.000800,$0.000070,$0.000080,$0.000150
OpenRouter,google/gemini-flash-1.5-8b-exp,$0.000000,$0.000000,$0.000000,$0.000000,$0.000000
OpenRouter,ai21/jamba-1-5-mini,$0.000200,$0.000400,$0.000020,$0.000040,$0.000060
OpenRouter,ai21/jamba-1-5-large,$0.002000,$0.008000,$0.000200,$0.000800,$0.001000
OpenRouter,microsoft/phi-3.5-mini-128k-instruct,$0.000100,$0.000100,$0.000010,$0.000010,$0.000020
OpenRouter,nousresearch/hermes-3-llama-3.1-70b,$0.000120,$0.000300,$0.000012,$0.000030,$0.000042
OpenRouter,nousresearch/hermes-3-llama-3.1-405b,$0.000800,$0.000800,$0.000080,$0.000080,$0.000160
OpenRouter,openai/chatgpt-4o-latest,$0.005000,$0.015000,$0.000500,$0.001500,$0.002000
OpenRouter,sao10k/l3-lunaris-8b,$0.000020,$0.000050,$0.000002,$0.000005,$0.000007
OpenRouter,aetherwiing/mn-starcannon-12b,$0.000800,$0.001200,$0.000080,$0.000120,$0.000200
OpenRouter,openai/gpt-4o-2024-08-06,$0.002500,$0.010000,$0.000250,$0.001000,$0.001250
OpenRouter,meta-llama/llama-3.1-405b:free,$0.000000,$0.000000,$0.000000,$0.000000,$0.000000
OpenRouter,meta-llama/llama-3.1-405b,$0.002000,$0.002000,$0.000200,$0.000200,$0.000400
OpenRouter,nothingiisreal/mn-celeste-12b,$0.000800,$0.001200,$0.000080,$0.000120,$0.000200
OpenRouter,perplexity/llama-3.1-sonar-small-128k-online,$0.000200,$0.000200,$0.000020,$0.000020,$0.000040
OpenRouter,perplexity/llama-3.1-sonar-large-128k-online,$0.001000,$0.001000,$0.000100,$0.000100,$0.000200
OpenRouter,meta-llama/llama-3.1-8b-instruct:free,$0.000000,$0.000000,$0.000000,$0.000000,$0.000000
OpenRouter,meta-llama/llama-3.1-8b-instruct,$0.000020,$0.000030,$0.000002,$0.000003,$0.000005
OpenRouter,meta-llama/llama-3.1-405b-instruct,$0.000800,$0.000800,$0.000080,$0.000080,$0.000160
OpenRouter,meta-llama/llama-3.1-70b-instruct,$0.000119,$0.000390,$0.000012,$0.000039,$0.000051
OpenRouter,mistralai/codestral-mamba,$0.000250,$0.000250,$0.000025,$0.000025,$0.000050
OpenRouter,mistralai/mistral-nemo:free,$0.000000,$0.000000,$0.000000,$0.000000,$0.000000
OpenRouter,mistralai/mistral-nemo,$0.000035,$0.000080,$0.000004,$0.000008,$0.000012
OpenRouter,openai/gpt-4o-mini,$0.000150,$0.000600,$0.000015,$0.000060,$0.000075
OpenRouter,openai/gpt-4o-mini-2024-07-18,$0.000150,$0.000600,$0.000015,$0.000060,$0.000075
OpenRouter,google/gemma-2-27b-it,$0.000800,$0.000800,$0.000080,$0.000080,$0.000160
OpenRouter,alpindale/magnum-72b,$0.001500,$0.002250,$0.000150,$0.000225,$0.000375
OpenRouter,google/gemma-2-9b-it:free,$0.000000,$0.000000,$0.000000,$0.000000,$0.000000
OpenRouter,google/gemma-2-9b-it,$0.000070,$0.000070,$0.000007,$0.000007,$0.000014
OpenRouter,01-ai/yi-large,$0.003000,$0.003000,$0.000300,$0.000300,$0.000600
OpenRouter,ai21/jamba-instruct,$0.000500,$0.000700,$0.000050,$0.000070,$0.000120
OpenRouter,anthropic/claude-3.5-sonnet-20240620:beta,$0.003000,$0.015000,$0.000300,$0.001500,$0.001800
OpenRouter,anthropic/claude-3.5-sonnet-20240620,$0.003000,$0.015000,$0.000300,$0.001500,$0.001800
OpenRouter,sao10k/l3-euryale-70b,$0.001480,$0.001480,$0.000148,$0.000148,$0.000296
OpenRouter,cognitivecomputations/dolphin-mixtral-8x22b,$0.000900,$0.000900,$0.000090,$0.000090,$0.000180
OpenRouter,qwen/qwen-2-72b-instruct,$0.000900,$0.000900,$0.000090,$0.000090,$0.000180
OpenRouter,mistralai/mistral-7b-instruct:free,$0.000000,$0.000000,$0.000000,$0.000000,$0.000000
OpenRouter,mistralai/mistral-7b-instruct,$0.000029,$0.000059,$0.000003,$0.000006,$0.000009
OpenRouter,mistralai/mistral-7b-instruct-v0.3,$0.000029,$0.000059,$0.000003,$0.000006,$0.000009
OpenRouter,nousresearch/hermes-2-pro-llama-3-8b,$0.000025,$0.000040,$0.000003,$0.000004,$0.000007
OpenRouter,microsoft/phi-3-mini-128k-instruct,$0.000100,$0.000100,$0.000010,$0.000010,$0.000020
OpenRouter,microsoft/phi-3-medium-128k-instruct,$0.001000,$0.001000,$0.000100,$0.000100,$0.000200
OpenRouter,neversleep/llama-3-lumimaid-70b,$0.003375,$0.004500,$0.000338,$0.000450,$0.000788
OpenRouter,google/gemini-flash-1.5,$0.000075,$0.000300,$0.000008,$0.000030,$0.000038
OpenRouter,openai/gpt-4o,$0.002500,$0.010000,$0.000250,$0.001000,$0.001250
OpenRouter,openai/gpt-4o:extended,$0.006000,$0.018000,$0.000600,$0.001800,$0.002400
OpenRouter,openai/gpt-4o-2024-05-13,$0.005000,$0.015000,$0.000500,$0.001500,$0.002000
OpenRouter,meta-llama/llama-guard-2-8b,$0.000200,$0.000200,$0.000020,$0.000020,$0.000040
OpenRouter,neversleep/llama-3-lumimaid-8b:extended,$0.000094,$0.000750,$0.000009,$0.000075,$0.000084
OpenRouter,neversleep/llama-3-lumimaid-8b,$0.000094,$0.000750,$0.000009,$0.000075,$0.000084
OpenRouter,sao10k/fimbulvetr-11b-v2,$0.000800,$0.001200,$0.000080,$0.000120,$0.000200
OpenRouter,meta-llama/llama-3-8b-instruct,$0.000030,$0.000060,$0.000003,$0.000006,$0.000009
OpenRouter,meta-llama/llama-3-70b-instruct,$0.000300,$0.000400,$0.000030,$0.000040,$0.000070
OpenRouter,mistralai/mixtral-8x22b-instruct,$0.000900,$0.000900,$0.000090,$0.000090,$0.000180
OpenRouter,microsoft/wizardlm-2-8x22b,$0.000500,$0.000500,$0.000050,$0.000050,$0.000100
OpenRouter,microsoft/wizardlm-2-7b,$0.000070,$0.000070,$0.000007,$0.000007,$0.000014
OpenRouter,google/gemini-pro-1.5,$0.001250,$0.005000,$0.000125,$0.000500,$0.000625
OpenRouter,openai/gpt-4-turbo,$0.010000,$0.030000,$0.001000,$0.003000,$0.004000
OpenRouter,cohere/command-r-plus,$0.003000,$0.015000,$0.000300,$0.001500,$0.001800
OpenRouter,cohere/command-r-plus-04-2024,$0.003000,$0.015000,$0.000300,$0.001500,$0.001800
OpenRouter,sophosympatheia/midnight-rose-70b,$0.000800,$0.000800,$0.000080,$0.000080,$0.000160
OpenRouter,cohere/command,$0.001000,$0.002000,$0.000100,$0.000200,$0.000300
OpenRouter,cohere/command-r,$0.000500,$0.001500,$0.000050,$0.000150,$0.000200
OpenRouter,anthropic/claude-3-haiku:beta,$0.000250,$0.001250,$0.000025,$0.000125,$0.000150
OpenRouter,anthropic/claude-3-haiku,$0.000250,$0.001250,$0.000025,$0.000125,$0.000150
OpenRouter,anthropic/claude-3-opus:beta,$0.015000,$0.075000,$0.001500,$0.007500,$0.009000
OpenRouter,anthropic/claude-3-opus,$0.015000,$0.075000,$0.001500,$0.007500,$0.009000
OpenRouter,anthropic/claude-3-sonnet:beta,$0.003000,$0.015000,$0.000300,$0.001500,$0.001800
OpenRouter,anthropic/claude-3-sonnet,$0.003000,$0.015000,$0.000300,$0.001500,$0.001800
OpenRouter,cohere/command-r-03-2024,$0.000500,$0.001500,$0.000050,$0.000150,$0.000200
OpenRouter,mistralai/mistral-large,$0.002000,$0.006000,$0.000200,$0.000600,$0.000800
OpenRouter,openai/gpt-3.5-turbo-0613,$0.001000,$0.002000,$0.000100,$0.000200,$0.000300
OpenRouter,openai/gpt-4-turbo-preview,$0.010000,$0.030000,$0.001000,$0.003000,$0.004000
OpenRouter,nousresearch/nous-hermes-2-mixtral-8x7b-dpo,$0.000600,$0.000600,$0.000060,$0.000060,$0.000120
OpenRouter,mistralai/mistral-medium,$0.002750,$0.008100,$0.000275,$0.000810,$0.001085
OpenRouter,mistralai/mistral-small,$0.000200,$0.000600,$0.000020,$0.000060,$0.000080
OpenRouter,mistralai/mistral-tiny,$0.000250,$0.000250,$0.000025,$0.000025,$0.000050
OpenRouter,mistralai/mistral-7b-instruct-v0.2,$0.000200,$0.000200,$0.000020,$0.000020,$0.000040
OpenRouter,cognitivecomputations/dolphin-mixtral-8x7b,$0.000500,$0.000500,$0.000050,$0.000050,$0.000100
OpenRouter,google/gemini-pro-vision,$0.000500,$0.001500,$0.000050,$0.000150,$0.000200
OpenRouter,google/gemini-pro,$0.000500,$0.001500,$0.000050,$0.000150,$0.000200
OpenRouter,mistralai/mixtral-8x7b-instruct,$0.000240,$0.000240,$0.000024,$0.000024,$0.000048
OpenRouter,openchat/openchat-7b,$0.000070,$0.000070,$0.000007,$0.000007,$0.000014
OpenRouter,neversleep/noromaid-20b,$0.000750,$0.001500,$0.000075,$0.000150,$0.000225
OpenRouter,anthropic/claude-2.1:beta,$0.008000,$0.024000,$0.000800,$0.002400,$0.003200
OpenRouter,anthropic/claude-2.1,$0.008000,$0.024000,$0.000800,$0.002400,$0.003200
OpenRouter,anthropic/claude-2:beta,$0.008000,$0.024000,$0.000800,$0.002400,$0.003200
OpenRouter,anthropic/claude-2,$0.008000,$0.024000,$0.000800,$0.002400,$0.003200
OpenRouter,undi95/toppy-m-7b,$0.000070,$0.000070,$0.000007,$0.000007,$0.000014
OpenRouter,alpindale/goliath-120b,$0.006563,$0.009375,$0.000656,$0.000938,$0.001594
OpenRouter,openrouter/auto,$-1.00e+3,$-1.00e+3,$-1.00e+2,$-1.00e+2,$-2.00e+2
OpenRouter,openai/gpt-3.5-turbo-1106,$0.001000,$0.002000,$0.000100,$0.000200,$0.000300
OpenRouter,openai/gpt-4-1106-preview,$0.010000,$0.030000,$0.001000,$0.003000,$0.004000
OpenRouter,google/palm-2-chat-bison-32k,$0.001000,$0.002000,$0.000100,$0.000200,$0.000300
OpenRouter,google/palm-2-codechat-bison-32k,$0.001000,$0.002000,$0.000100,$0.000200,$0.000300
OpenRouter,jondurbin/airoboros-l2-70b,$0.000500,$0.000500,$0.000050,$0.000050,$0.000100
OpenRouter,xwin-lm/xwin-lm-70b,$0.003750,$0.003750,$0.000375,$0.000375,$0.000750
OpenRouter,openai/gpt-3.5-turbo-instruct,$0.001500,$0.002000,$0.000150,$0.000200,$0.000350
OpenRouter,mistralai/mistral-7b-instruct-v0.1,$0.000200,$0.000200,$0.000020,$0.000020,$0.000040
OpenRouter,pygmalionai/mythalion-13b,$0.000563,$0.001125,$0.000056,$0.000113,$0.000169
OpenRouter,openai/gpt-3.5-turbo-16k,$0.003000,$0.004000,$0.000300,$0.000400,$0.000700
OpenRouter,openai/gpt-4-32k,$0.060000,$0.120000,$0.006000,$0.012000,$0.018000
OpenRouter,openai/gpt-4-32k-0314,$0.060000,$0.120000,$0.006000,$0.012000,$0.018000
OpenRouter,nousresearch/nous-hermes-llama2-13b,$0.000180,$0.000180,$0.000018,$0.000018,$0.000036
OpenRouter,mancer/weaver,$0.001125,$0.001125,$0.000113,$0.000113,$0.000225
OpenRouter,huggingfaceh4/zephyr-7b-beta:free,$0.000000,$0.000000,$0.000000,$0.000000,$0.000000
OpenRouter,anthropic/claude-2.0:beta,$0.008000,$0.024000,$0.000800,$0.002400,$0.003200
OpenRouter,anthropic/claude-2.0,$0.008000,$0.024000,$0.000800,$0.002400,$0.003200
OpenRouter,undi95/remm-slerp-l2-13b,$0.000563,$0.001125,$0.000056,$0.000113,$0.000169
OpenRouter,google/palm-2-chat-bison,$0.001000,$0.002000,$0.000100,$0.000200,$0.000300
OpenRouter,google/palm-2-codechat-bison,$0.001000,$0.002000,$0.000100,$0.000200,$0.000300
OpenRouter,gryphe/mythomax-l2-13b,$0.000065,$0.000065,$0.000007,$0.000007,$0.000013
OpenRouter,meta-llama/llama-2-13b-chat,$0.000220,$0.000220,$0.000022,$0.000022,$0.000044
OpenRouter,meta-llama/llama-2-70b-chat,$0.000900,$0.000900,$0.000090,$0.000090,$0.000180
OpenRouter,openai/gpt-3.5-turbo,$0.000500,$0.001500,$0.000050,$0.000150,$0.000200
OpenRouter,openai/gpt-3.5-turbo-0125,$0.000500,$0.001500,$0.000050,$0.000150,$0.000200
OpenRouter,openai/gpt-4,$0.030000,$0.060000,$0.003000,$0.006000,$0.009000
OpenRouter,openai/gpt-4-0314,$0.030000,$0.060000,$0.003000,$0.006000,$0.009000
Groq,llama2-70b-4096,$0.000700,$0.000800,$0.000070,$0.000080,$0.000150
Groq,mixtral-8x7b-32768,$0.000240,$0.000240,$0.000024,$0.000024,$0.000048
Groq,gemma-7b-it,$0.000070,$0.000070,$0.000007,$0.000007,$0.000014
Groq,gemma2-9b-it,$0.000200,$0.000200,$0.000020,$0.000020,$0.000040
Groq,llama3-70b-8192,$0.000590,$0.000790,$0.000059,$0.000079,$0.000138
Groq,llama3-8b-8192,$0.000050,$0.000080,$0.000005,$0.000008,$0.000013
Groq,llama3-groq-70b-8192-tool-use-preview,$0.000890,$0.000890,$0.000089,$0.000089,$0.000178
Groq,llama3-groq-8b-8192-tool-use-preview,$0.000190,$0.000190,$0.000019,$0.000019,$0.000038
Cohere,cohere/command-r,$0.000500,$0.001500,$0.000050,$0.000150,$0.000200
Mistral,open-mistral-7b,$0.000250,$0.000250,$0.000025,$0.000025,$0.000050
Mistral,open-mixtral-8x7b,$0.000700,$0.000700,$0.000070,$0.000070,$0.000140
Mistral,mistral-small-latest,$0.002000,$0.006000,$0.000200,$0.000600,$0.000800
Mistral,mistral-medium-latest,$0.002700,$0.008100,$0.000270,$0.000810,$0.001080
Mistral,mistral-large-latest,$0.008000,$0.024000,$0.000800,$0.002400,$0.003200
Mistral,mistral-embed,$0.000100,$0.000100,$0.000010,$0.000010,$0.000020
Qstash,llama,$0.000300,$0.000300,$0.000030,$0.000030,$0.000060
Qstash,mistral,$0.000300,$0.000300,$0.000030,$0.000030,$0.000060
AWS,meta.llama3-8b-instruct-v1%3A0,$0.220000,$0.720000,$0.022000,$0.072000,$0.094000
DEEPSEEK,deepseek-chat,$0.000014,$0.000028,$0.000001,$0.000003,$0.000004
AVIAN,Meta-Llama-3.1-405B-Instruct,$0.001500,$0.001500,$0.000150,$0.000150,$0.000300
AVIAN,Meta-Llama-3.3-70B-Instruct,$0.000450,$0.000450,$0.000045,$0.000045,$0.000090
AVIAN,Meta-Llama-3.1-70B-Instruct,$0.000450,$0.000450,$0.000045,$0.000045,$0.000090
AVIAN,Meta-Llama-3.1-8B-Instruct,$0.000100,$0.000100,$0.000010,$0.000010,$0.000020
NOVITA,deepseek/deepseek-r1,$0.004000,$0.004000,$0.000400,$0.000400,$0.000800
NOVITA,deepseek/deepseek_v3,$0.000890,$0.000890,$0.000089,$0.000089,$0.000178
NOVITA,meta-llama/llama-3.3-70b-instruct,$0.000390,$0.000390,$0.000039,$0.000039,$0.000078
NOVITA,deepseek/deepseek-r1-distill-llama-70b,$0.000800,$0.000800,$0.000080,$0.000080,$0.000160
NOVITA,meta-llama/llama-3.1-8b-instruct,$0.000050,$0.000050,$0.000005,$0.000005,$0.000010
NOVITA,meta-llama/llama-3.1-70b-instruct,$0.000340,$0.000390,$0.000034,$0.000039,$0.000073
NOVITA,mistralai/mistral-nemo,$0.000170,$0.000170,$0.000017,$0.000017,$0.000034
NOVITA,deepseek/deepseek-r1-distill-qwen-14b,$0.000150,$0.000150,$0.000015,$0.000015,$0.000030
NOVITA,deepseek/deepseek-r1-distill-qwen-32b,$0.000300,$0.000300,$0.000030,$0.000030,$0.000060
NOVITA,Sao10K/L3-8B-Stheno-v3.2,$0.000050,$0.000050,$0.000005,$0.000005,$0.000010
NOVITA,gryphe/mythomax-l2-13b,$0.000090,$0.000090,$0.000009,$0.000009,$0.000018
NOVITA,deepseek/deepseek-r1-distill-llama-8b,$0.000040,$0.000040,$0.000004,$0.000004,$0.000008
NOVITA,qwen/qwen-2.5-72b-instruct,$0.000380,$0.000400,$0.000038,$0.000040,$0.000078
NOVITA,meta-llama/llama-3-8b-instruct,$0.000040,$0.000040,$0.000004,$0.000004,$0.000008
NOVITA,microsoft/wizardlm-2-8x22b,$0.000620,$0.000620,$0.000062,$0.000062,$0.000124
NOVITA,google/gemma-2-9b-it,$0.000080,$0.000080,$0.000008,$0.000008,$0.000016
NOVITA,mistralai/mistral-7b-instruct,$0.000059,$0.000059,$0.000006,$0.000006,$0.000012
NOVITA,meta-llama/llama-3-70b-instruct,$0.000510,$0.000740,$0.000051,$0.000074,$0.000125
NOVITA,openchat/openchat-7b,$0.000060,$0.000060,$0.000006,$0.000006,$0.000012
NOVITA,nousresearch/hermes-2-pro-llama-3-8b,$0.000140,$0.000140,$0.000014,$0.000014,$0.000028
NOVITA,sao10k/l3-70b-euryale-v2.1,$0.001480,$0.001480,$0.000148,$0.000148,$0.000296
NOVITA,cognitivecomputations/dolphin-mixtral-8x22b,$0.000900,$0.000900,$0.000090,$0.000090,$0.000180
NOVITA,jondurbin/airoboros-l2-70b,$0.000500,$0.000500,$0.000050,$0.000050,$0.000100
NOVITA,nousresearch/nous-hermes-llama2-13b,$0.000170,$0.000170,$0.000017,$0.000017,$0.000034
NOVITA,teknium/openhermes-2.5-mistral-7b,$0.000170,$0.000170,$0.000017,$0.000017,$0.000034
NOVITA,sophosympatheia/midnight-rose-70b,$0.000800,$0.000800,$0.000080,$0.000080,$0.000160
NOVITA,meta-llama/llama-3.1-8b-instruct-max,$0.000050,$0.000050,$0.000005,$0.000005,$0.000010
NOVITA,sao10k/l3-8b-lunaris,$0.000050,$0.000050,$0.000005,$0.000005,$0.000010
NOVITA,qwen/qwen-2-vl-72b-instruct,$0.000450,$0.000450,$0.000045,$0.000045,$0.000090
NOVITA,meta-llama/llama-3.2-1b-instruct,$0.000020,$0.000020,$0.000002,$0.000002,$0.000004
NOVITA,meta-llama/llama-3.2-11b-vision-instruct,$0.000060,$0.000060,$0.000006,$0.000006,$0.000012
NOVITA,meta-llama/llama-3.2-3b-instruct,$0.000030,$0.000050,$0.000003,$0.000005,$0.000008
NOVITA,meta-llama/llama-3.1-8b-instruct-bf16,$0.000060,$0.000060,$0.000006,$0.000006,$0.000012
NOVITA,sao10k/l31-70b-euryale-v2.2,$0.001480,$0.001480,$0.000148,$0.000148,$0.000296
NOVITA,qwen/qwen-2-7b-instruct,$0.000054,$0.000054,$0.000005,$0.000005,$0.000011